编号,图片文件,文字文件,管段编号,管径,缺陷名称,等级,距离,时钟表示,修复建议,原始图片rid,原始图片路径,Word块序号,备注,原始文字
001,images/001.png,texts/001.txt,W3-W2,DN300,CW,2,4.8,-,局部现场固化法修复,rId27,word/media/image13.png,237,,管段编号W3-W2管径DN300缺陷名称CW等级2距离4.8时钟表示-错位（2级）：中度错位：错位距离在管壁厚度1／2及1倍之间。（局部现场固化法修复）
002,images/002.png,texts/002.txt,W4-W3,DN300,ZA,3,16.18,-,特殊疏通处理,rId28,word/media/image14.png,240,,管段编号W4-W3管径DN300缺陷名称ZA等级3距离16.18时钟表示-障碍物（3级）：断面损失为15%~30%（特殊疏通处理）
003,images/003.png,texts/003.txt,W8-W9,DN300,SG,2,20.36,-,局部开挖处理/CIPP紫外线光固化整体修复,rId29,word/media/image15.png,243,,管段编号W8-W9管径DN300缺陷名称SG等级2距离20.36时钟表示-树根（2级）过水断面积损失量在5%~15%之间（局部开挖处理/CIPP紫外线光固化整体修复）
004,images/004.png,texts/004.txt,W8-W9,DN300,SG,3,20.91,-,局部开挖处理/CIPP紫外线光固化整体修复,rId30,word/media/image16.png,248,,管段编号W8-W9管径DN300缺陷名称SG等级3距离20.91时钟表示-树根（3级）过水断面积损失量在15%~30%之间。局部开挖处理/CIPP紫外线光固化整体修复）
005,images/005.png,texts/005.txt,W8-W9,DN300,SG,2,23.69,-,局部开挖处理/CIPP紫外线光固化整体修复,rId31,word/media/image17.png,252,,管段编号W8-W9管径DN300缺陷名称SG等级2距离23.69时钟表示-树根（2级）过水断面积损失量在5%~15%之间。局部开挖处理/CIPP紫外线光固化整体修复）
006,images/006.png,texts/006.txt,W8-W201,DN200,CW,3,1.2,-,开挖处理,rId32,word/media/image18.png,256,,管段编号W8-W201管径DN200缺陷名称CW等级3距离1.2时钟表示-错位（3级）：重度错位：错位距离为管壁厚度1至2倍。（开挖处理）
007,images/007.png,texts/007.txt,W8-W201,DN200,ZA,3,3.6,-,开挖处理,rId33,word/media/image19.png,262,,管段编号W8-W201管径DN200缺陷名称ZA等级3距离3.6时钟表示-障碍物（3级）：断面损失为15%~30%（开挖处理）
008,images/008.png,texts/008.txt,W10-W9,DN300,PL,2,16.21,-,局部现场固化法修复,rId34,word/media/image20.png,266,,管段编号W10-W9管径DN300缺陷名称PL等级2距离16.21时钟表示-破裂（2级）:裂口：破裂处已形成明显间隙，但管道的形状未受影响且破裂无脱落。（局部现场固化法修复）
009,images/009.png,texts/009.txt,W10-W11,DN300,ZA,4,8.37,-,特殊疏通处理,rId35,word/media/image21.png,270,,管段编号W10-W11管径DN300缺陷名称ZA等级4距离8.37时钟表示-障碍物（4级）：断面损失大于30%（特殊疏通处理）
010,images/010.png,texts/010.txt,W10-W11,DN300,ZA,4,1,-,特殊疏通处理,rId36,word/media/image22.png,278,,管段编号W10-W11管径DN300缺陷名称ZA等级4距离1时钟表示-障碍物（4级）：断面损失大于30%（特殊疏通处理）
011,images/011.png,texts/011.txt,W11-W12,DN300,ZA,4,1.01,-,特殊疏通处理,rId37,word/media/image23.png,281,,管段编号W11-W12管径DN300缺陷名称ZA等级4距离1.01时钟表示-障碍物（4级）：断面损失大于30%（特殊疏通处理）
012,images/012.png,texts/012.txt,W12-W11,DN300,ZA,4,1.02,-,特殊疏通处理,rId38,word/media/image24.png,286,,管段编号W12-W11管径DN300缺陷名称ZA等级4距离1.02时钟表示-障碍物（4级）：断面损失大于30%（特殊疏通处理）
013,images/013.png,texts/013.txt,W10-W204,DN300,SG,2,0.86,-,切割处理/疏通处理,rId39,word/media/image25.png,292,,管段编号W10-W204管径DN300缺陷名称SG等级2距离0.86时钟表示-树根（2级）：过水断面积损失量在5%~15%之间。（切割处理/疏通处理）
014,images/014.png,texts/014.txt,W10-W204,DN300,SG,2,4.71,-,局部开挖处理,rId40,word/media/image26.png,297,,管段编号W10-W204管径DN300缺陷名称SG等级2距离4.71时钟表示-树根（2级）：过水断面积损失量在5%~15%之间。（局部开挖处理）
015,images/015.png,texts/015.txt,W10-W204,DN300,CW,3,5.17,-,局部开挖处理,rId41,word/media/image27.png,301,,管段编号W10-W204管径DN300缺陷名称CW等级3距离5.17时钟表示-错位（3级）：重度错位：错位距离为管壁厚度1至2倍。（局部开挖处理）
016,images/016.png,texts/016.txt,W10-W204,DN300,ZA,4,5.5,-,局部开挖处理,rId42,word/media/image28.png,307,,管段编号W10-W204管径DN300缺陷名称ZA等级4距离5.5时钟表示-障碍物（4级）：断面损失大于30%（局部开挖处理）
017,images/017.png,texts/017.txt,W13-W12,DN300,BX,2,3.6,-,局部现场固化法修复,rId43,word/media/image29.png,311,,管段编号W13-W12管径DN300缺陷名称BX等级2距离3.6时钟表示-变形（2级）：变形为管道直径的5%-15%。（局部现场固化法修复）
018,images/018.png,texts/018.txt,W13-W205,DN300,ZA,2,2.86,-,特殊疏通处理,rId44,word/media/image30.png,315,,管段编号W13-W205管径DN300缺陷名称ZA等级2距离2.86时钟表示-障碍物（2级）：断面损失为5%~15%（特殊疏通处理）
019,images/019.png,texts/019.txt,W16-W21,DN300,ZA,3,1.32,-,特殊疏通处理,rId45,word/media/image31.png,322,,管段编号W16-W21管径DN300缺陷名称ZA等级3距离1.32时钟表示-障碍物（3级）：断面损失为15%~30%（特殊疏通处理）
020,images/020.png,texts/020.txt,W18-W19,DN150,SG,4,井室,-,井室清理,rId46,word/media/image32.png,326,,管段编号W18-W19管径DN150缺陷名称SG等级4距离井室时钟表示-树根（4级）：过水断面积损失量大于30%（井室清理）
021,images/021.png,texts/021.txt,W19-W209,DN150,ZA,2,0.2,-,疏通处理,rId47,word/media/image33.png,330,,管段编号W19-W209管径DN150缺陷名称ZA等级2距离0.2时钟表示-障碍物（2级）：断面损失为5%~15%（疏通处理）
022,images/022.png,texts/022.txt,W20-W19,DN150,CJ,2,0,-,疏通处理,rId48,word/media/image34.png,338,,管段编号W20-W19管径DN150缺陷名称CJ等级2距离0时钟表示-沉积（2级）：沉积物厚度在管径的5%~20%之间。（疏通处理）
023,images/023.png,texts/023.txt,W23-W21,DN300,PL,2,11.64,-,局部现场固化法修复,rId49,word/media/image35.png,342,,管段编号W23-W21管径DN300缺陷名称PL等级2距离11.64时钟表示-破裂（2级）：裂口：破裂处已形成明显间隙，但管道的形状未受影响且破裂无脱落。（局部现场固化法修复）
024,images/024.png,texts/024.txt,W28-W29,DN300,BX,2,10.43,-,特殊疏通处理/CIPP紫外线光固化整体修复,rId50,word/media/image36.png,346,,管段编号W28-W29管径DN300缺陷名称BX等级2距离10.43时钟表示-变形（2级）变形为管道直径的5%-15%。（特殊疏通处理/CIPP紫外线光固化整体修复）
025,images/025.png,texts/025.txt,W28-W29,DN300,ZA,3,12.65,-,特殊疏通处理/CIPP紫外线光固化整体修复,rId51,word/media/image37.png,352,,管段编号W28-W29管径DN300缺陷名称ZA等级3距离12.65时钟表示-障碍物（3级）：断面损失为15%~30%（特殊疏通处理/CIPP紫外线光固化整体修复）
026,images/026.png,texts/026.txt,W28-W29,DN300,PL,2,13.29,-,特殊疏通处理/CIPP紫外线光固化整体修复,rId52,word/media/image38.png,357,,管段编号W28-W29管径DN300缺陷名称PL等级2距离13.29时钟表示-破裂（2级）：裂口：破裂处已形成明显间隙，但管道的形状未受影响且破裂无脱落。（特殊疏通处理/CIPP紫外线光固化整体修复）
027,images/027.png,texts/027.txt,W28-W29,DN300,PL,2,15.36,-,特殊疏通处理/CIPP紫外线光固化整体修复,rId53,word/media/image39.png,362,,管段编号W28-W29管径DN300缺陷名称PL等级2距离15.36时钟表示-破裂（2级）：裂口：破裂处已形成明显间隙，但管道的形状未受影响且破裂无脱落。（特殊疏通处理/CIPP紫外线光固化整体修复）
028,images/028.png,texts/028.txt,W28-W29,DN300,PL,2,16.33,-,特殊疏通处理/CIPP紫外线光固化整体修复,rId54,word/media/image40.png,368,,管段编号W28-W29管径DN300缺陷名称PL等级2距离16.33时钟表示-破裂（2级）：裂口：破裂处已形成明显间隙，但管道的形状未受影响且破裂无脱落。（特殊疏通处理/CIPP紫外线光固化整体修复）
029,images/029.png,texts/029.txt,W31-W30,DN200,ZA,3,1.2,-,疏通处理,rId55,word/media/image41.png,372,,管段编号W31-W30管径DN200缺陷名称ZA等级3距离1.2时钟表示-障碍物（3级）：断面损失大于30%（疏通处理）
030,images/030.png,texts/030.txt,W31-W211,DN200,CJ,2,0.5,-,疏通处理,rId56,word/media/image42.png,375,,管段编号W31-W211管径DN200缺陷名称CJ等级2距离0.5时钟表示-沉积（2级）：沉积物厚度在管径的5%~20%之间。（疏通处理）
031,images/031.png,texts/031.txt,W38A-W29,DN300,CJ,2,2.22,-,疏通处理,rId57,word/media/image43.png,382,,管段编号W38A-W29管径DN300缺陷名称CJ等级2距离2.22时钟表示-沉积（2级）：沉积物厚度在管径的5%~20%之间。（疏通处理）
032,images/032.png,texts/032.txt,W38-W38A,DN300,TJ,3,13.75,-,局部开挖处理,rId58,word/media/image44.png,386,,管段编号W38-W38A管径DN300缺陷名称TJ等级3距离13.75时钟表示-脱节（3级）：重度脱节：脱节距离处于管壁厚度1~2倍之间。（局部开挖处理）
033,images/033.png,texts/033.txt,W38-W38A,DN300,BX,2,31.09,-,局部现场固化法修复,rId59,word/media/image45.png,390,,管段编号W38-W38A管径DN300缺陷名称BX等级2距离31.09时钟表示-变形（2级）变形为管道直径的5%-15%。（局部现场固化法修复）
034,images/034.png,texts/034.txt,W38-W38A,DN300,ZA,2,井室,-,井室清理,rId60,word/media/image46.png,399,,管段编号W38-W38A管径DN300缺陷名称ZA等级2距离井室时钟表示-障碍物（2级）：断面损失为5%~15%（井室清理）
035,images/035.png,texts/035.txt,W39-W38,DN300,JG,3,6.06,-,特殊疏通处理,rId61,word/media/image47.png,404,,管段编号W39-W38管径DN300缺陷名称JG等级3距离6.06时钟表示-结垢（3级）：硬质结垢造成的过水断面积损失在15％~25％之间；（特殊疏通处理）
036,images/036.png,texts/036.txt,W39-W38,DN300,CW,3,12.49,-,特殊疏通处理,rId62,word/media/image48.png,409,,管段编号W39-W38管径DN300缺陷名称CW等级3距离12.49时钟表示-错位（3级）：重度错位：错位距离为管壁厚度1至2倍。（特殊疏通处理）
037,images/037.png,texts/037.txt,W39-W38,DN300,ZA,3,13.03,-,井室清理,rId63,word/media/image49.png,414,,管段编号W39-W38管径DN300缺陷名称ZA等级3距离13.03时钟表示-障碍物（3级）：断面损失为15%~30%（井室清理）
038,images/038.png,texts/038.txt,W41-W43,DN200,CW,2,7,-,局部现场固化法修复,rId64,word/media/image50.png,419,,管段编号W41-W43管径DN200缺陷名称CW等级2距离7时钟表示-错位（2级）：中度错位：错位距离在管壁厚度1／2及1倍之间。（局部现场固化法修复）
039,images/039.png,texts/039.txt,W43-W45,DN200,CW,2,3.5,-,局部现场固化法修复,rId65,word/media/image51.png,423,,管段编号W43-W45管径DN200缺陷名称CW等级2距离3.5时钟表示-错位（2级）：中度错位：错位距离在管壁厚度1／2及1倍之间。（局部现场固化法修复）
040,images/040.png,texts/040.txt,W43-W45,DN200,ZA,2,3.65-8.3,-,疏通处理,rId66,word/media/image52.png,429,,管段编号W43-W45管径DN200缺陷名称ZA等级2距离3.65-8.3时钟表示-障碍物（2级）：断面损失为5%~15%（疏通处理）
041,images/041.png,texts/041.txt,W43-W45,DN200,BX,2,7.73,-,局部现场固化法修复,rId67,word/media/image53.png,433,,管段编号W43-W45管径DN200缺陷名称BX等级2距离7.73时钟表示-变形（2级）变形为管道直径的5%-15%。（局部现场固化法修复）
042,images/042.png,texts/042.txt,W43-W45,DN200,CW,2,1.9,-,局部现场固化法修复,rId68,word/media/image54.png,437,,管段编号W43-W45管径DN200缺陷名称CW等级2距离1.9时钟表示-错位（2级）：中度错位：错位距离在管壁厚度1／2及1倍之间。（局部现场固化法修复）
043,images/043.png,texts/043.txt,W46-W215,DN200,CJ,3,整段,-,疏通处理,rId69,word/media/image55.png,443,,管段编号W46-W215管径DN200缺陷名称CJ等级3距离整段时钟表示-沉积（3）：沉积物厚度在管径的20%~40%。（疏通处理）
044,images/044.png,texts/044.txt,W48-W49,DN200,TG,4,2.2,-,业主酌情处理,rId70,word/media/image56.png,447,,管段编号W48-W49管径DN200缺陷名称TG等级4距离2.2时钟表示-套管（4级）：管道内管径材质不同。（业主酌情处理）
045,images/045.png,texts/045.txt,W52-W41,DN300,CW,2,12.47,-,局部现场固化法修复,rId71,word/media/image57.png,451,,管段编号W52-W41管径DN300缺陷名称CW等级2距离12.47时钟表示-错位（2级）：中度错位：错位距离在管壁厚度1／2及1倍之间。（局部现场固化法修复）
046,images/046.png,texts/046.txt,W52-W53,DN300,PL,2,3.26,-,局部现场固化法修复,rId72,word/media/image58.png,456,,管段编号W52-W53管径DN300缺陷名称PL等级2距离3.26时钟表示-错位（2级）：中度错位：错位距离在管壁厚度1／2及1倍之间。（局部现场固化法修复）
047,images/047.png,texts/047.txt,W200-W4,DN300,CW,2,2.71,-,CIPP紫外线光固化整体修复,rId73,word/media/image59.png,460,,管段编号W200-W4管径DN300缺陷名称CW等级2距离2.71时钟表示-错位（2级）：中度错位：错位距离在管壁厚度1／2及1倍之间。（CIPP紫外线光固化整体修复）
048,images/048.png,texts/048.txt,W200-W4,DN300,CW,2,11.9,-,CIPP紫外线光固化整体修复,rId74,word/media/image60.png,464,,管段编号W200-W4管径DN300缺陷名称CW等级2距离11.9时钟表示-错位（2级）：中度错位：错位距离在管壁厚度1／2及1倍之间。（CIPP紫外线光固化整体修复）
049,images/049.png,texts/049.txt,W200-W4,DN300,CW,2,14.85,-,CIPP紫外线光固化整体修复,rId75,word/media/image61.png,470,,管段编号W200-W4管径DN300缺陷名称CW等级2距离14.85时钟表示-错位（2级）：中度错位：错位距离在管壁厚度1／2及1倍之间。（CIPP紫外线光固化整体修复）
050,images/050.png,texts/050.txt,W211-W32,DN200,ZA,2,井室,-,井室清理,rId76,word/media/image62.png,474,,管段编号W211-W32管径DN200缺陷名称ZA等级2距离井室时钟表示-障碍物（2级）：断面损失为5%~15%（井室清理）
051,images/051.png,texts/051.txt,W211-W32,DN200,QF,2,1.5-3,-,暂不处理,rId77,word/media/image63.png,480,,管段编号W211-W32管径DN200缺陷名称QF等级2距离1.5-3时钟表示-蛇形起伏（3级）：40%<水位高/管径≤60%（暂不处理）
052,images/052.png,texts/052.txt,W5-W6,DN300,ZA,2,7.3,-,疏通处理,rId78,word/media/image64.png,485,,管段编号W5-W6管径DN300缺陷名称ZA等级2距离7.3时钟表示-障碍物（2级）：断面损失为5%~15%（疏通处理）
053,images/053.png,texts/053.txt,W8-W14,DN300,ZA,3,4,-,特殊疏通处理,rId79,word/media/image65.png,489,,管段编号W8-W14管径DN300缺陷名称ZA等级3距离4时钟表示-障碍物（3级）：断面损失为15%~30%（特殊疏通处理）
054,images/054.png,texts/054.txt,Y1-Y2,DN200,AJ,4,6.1,-,业主酌情处理,rId80,word/media/image66.png,493,,管段编号Y1-Y2管径DN200缺陷名称AJ等级4距离6.1时钟表示-支管暗接（4级）：支管未接入到主管。（业主酌情处理）
055,images/055.png,texts/055.txt,Y1-Y200,DN600,ZA,2,井室,-,井室清理,rId81,word/media/image67.png,500,,管段编号Y1-Y200管径DN600缺陷名称ZA等级2距离井室时钟表示-障碍物（2级）：断面损失为5%~15%（井室清理）
056,images/056.png,texts/056.txt,Y2-Y3A,DN300,ZA,2,18.05-19.4,-,疏通处理,rId82,word/media/image68.png,504,,管段编号Y2-Y3A管径DN300缺陷名称ZA等级2距离18.05-19.4时钟表示-障碍物（2级）：断面损失为5%~15%（疏通处理）
057,images/057.png,texts/057.txt,Y3A-Y3,DN300,ZA,2,井室,-,井室清理,rId83,word/media/image69.png,508,,管段编号Y3A-Y3管径DN300缺陷名称ZA等级2距离井室时钟表示-障碍物（2级）：断面损失为5%~15%（井室清理）
058,images/058.png,texts/058.txt,Y3A-Y3,DN300,ZA,2,4.18-5.76,-,疏通处理,rId84,word/media/image70.png,515,,管段编号Y3A-Y3管径DN300缺陷名称ZA等级2距离4.18-5.76时钟表示-障碍物（2级）：断面损失为5%~15%（疏通处理）
059,images/059.png,texts/059.txt,Y4-Y3,DN300,ZA,3,20.25,-,局部开挖处理/特殊疏通处理,rId85,word/media/image71.png,519,,管段编号Y4-Y3管径DN300缺陷名称ZA等级3距离20.25时钟表示-障碍物（3级）：断面损失为15%~30%（局部开挖处理/特殊疏通处理）
060,images/060.png,texts/060.txt,Y5-Y4,DN300,ZA,3,1.88-18.23,-,疏通处理,rId86,word/media/image72.png,524,,管段编号Y5-Y4管径DN300缺陷名称ZA等级3距离1.88-18.23时钟表示-障碍物（3级）：断面损失为15%~30%（疏通处理）
061,images/061.png,texts/061.txt,Y5-Y6,DN300,ZA,3,1-13.86,-,疏通处理,rId87,word/media/image73.png,530,,管段编号Y5-Y6管径DN300缺陷名称ZA等级3距离1-13.86时钟表示-障碍物（3级）：断面损失为15%~30%（疏通处理）
062,images/062.png,texts/062.txt,Y6-Y8,DN200,CJ,3,0,-,疏通处理,rId88,word/media/image74.png,533,,管段编号Y6-Y8管径DN200缺陷名称CJ等级3距离0时钟表示-沉积（3级）：沉积物厚度在管径的20%~40%。（疏通处理）
063,images/063.png,texts/063.txt,Y6-Y8,DN200,CJ,3,0,-,疏通处理,rId89,word/media/image75.png,538,,管段编号Y6-Y8管径DN200缺陷名称CJ等级3距离0时钟表示-沉积（3级）：沉积物厚度在管径的20%~40%。（疏通处理）
064,images/064.png,texts/064.txt,Y6-Y8,DN200,ZA,2,1.19-2.88,-,疏通处理,rId90,word/media/image76.png,546,,管段编号Y6-Y8管径DN200缺陷名称ZA等级2距离1.19-2.88时钟表示-障碍物（2级）：断面损失为5%~15%（疏通处理）
065,images/065.png,texts/065.txt,Y11-Y201,DN250,CJ,3,0-6.54,-,疏通处理,rId91,word/media/image77.png,550,,管段编号Y11-Y201管径DN250缺陷名称CJ等级3距离0-6.54时钟表示-沉积（3级）：沉积物厚度在管径的20%~40%。（疏通处理）
066,images/066.png,texts/066.txt,Y11-Y201,DN250,TG,4,6.54,-,业主酌情处理,rId92,word/media/image78.png,554,,管段编号Y11-Y201管径DN250缺陷名称TG等级4距离6.54时钟表示-套管（4级）：管道内管径材质不同。（业主酌情处理）
067,images/067.png,texts/067.txt,Y13-Y13A,DN150,TG,4,0.5,-,业主酌情处理,rId93,word/media/image79.png,560,,管段编号Y13-Y13A管径DN150缺陷名称TG等级4距离0.5时钟表示-套管（4级）：管道内管径材质不同。（业主酌情处理）
068,images/068.png,texts/068.txt,Y13-Y13B,DN150,ZA,4,井室,-,井室清理,rId94,word/media/image80.png,564,,管段编号Y13-Y13B管径DN150缺陷名称ZA等级4距离井室时钟表示-障碍物（4级）：断面损失大于30%（井室清理）
069,images/069.png,texts/069.txt,Y13-Y14,DN300,ZA,2,6.93-11.63,-,疏通处理,rId95,word/media/image81.png,568,,管段编号Y13-Y14管径DN300缺陷名称ZA等级2距离6.93-11.63时钟表示-障碍物（2级）：断面损失为5%~15%（疏通处理）
070,images/070.png,texts/070.txt,Y15-Y14,DN300,ZA,3,18.66,-,疏通处理,rId96,word/media/image82.png,575,,管段编号Y15-Y14管径DN300缺陷名称ZA等级3距离18.66时钟表示-障碍物（3级）：断面损失为15%~30%（疏通处理）
071,images/071.png,texts/071.txt,Y15-Y14,DN300,SG,2,19.89,-,切割处理/局部现场固化法修复,rId97,word/media/image83.png,579,,管段编号Y15-Y14管径DN300缺陷名称SG等级2距离19.89时钟表示-树根（2级）：过水断面积损失量在5%~15%之间。（切割处理/局部现场固化法修复）
072,images/072.png,texts/072.txt,Y15-Y15A,DN150,ZA,4,井室,-,开挖处理,rId98,word/media/image84.png,583,,管段编号Y15-Y15A管径DN150缺陷名称ZA等级4距离井室时钟表示-障碍物（4级）：断面损失大于30%（开挖处理）
073,images/073.png,texts/073.txt,Y15-Y15B,DN150,TG,4,0,-,业主酌情处理,rId99,word/media/image85.png,590,,管段编号Y15-Y15B管径DN150缺陷名称TG等级4距离0时钟表示-套管（4级）：管道内管径材质不同。（业主酌情处理）
074,images/074.png,texts/074.txt,Y15-Y15B,DN150,PL,3,0.3,-,开挖处理,rId100,word/media/image86.png,594,,管段编号Y15-Y15B管径DN150缺陷名称PL等级3距离0.3时钟表示-破裂（3级）：坍塌：管道材料裂痕、裂口或破碎处边缘环向覆盖范围大于弧长60º。（开挖处理）
075,images/075.png,texts/075.txt,Y15-Y15B,DN150,PL,3,0.7,-,开挖处理,rId101,word/media/image87.png,598,,管段编号Y15-Y15B管径DN150缺陷名称PL等级3距离0.7时钟表示-破裂（3级）：坍塌：管道材料裂痕、裂口或破碎处边缘环向覆盖范围大于弧长60º。（开挖处理）
076,images/076.png,texts/076.txt,Y15-Y16,DN300,PL,3,3,-,疏通处理/CIPP紫外线光固化整体修复,rId102,word/media/image88.png,606,,管段编号Y15-Y16管径DN300缺陷名称PL等级4.26-13距离3时钟表示-破裂（3级）：破碎：管壁破裂或脱落处所剩碎片的环向覆盖范围小于弧长60º。（疏通处理/CIPP紫外线光固化整体修复）
077,images/077.png,texts/077.txt,Y15-Y16,DN300,ZA,2,15.67-17.66,-,疏通处理/CIPP紫外线光固化整体修复,rId103,word/media/image89.png,610,,管段编号Y15-Y16管径DN300缺陷名称ZA等级2距离15.67-17.66时钟表示-障碍物（2级）：断面损失为5%~15%（疏通处理/CIPP紫外线光固化整体修复）
078,images/078.png,texts/078.txt,Y16-Y18,DN300,PL,2,2.18,-,局部现场固化法修复,rId104,word/media/image90.png,614,,管段编号Y16-Y18管径DN300缺陷名称PL等级2距离2.18时钟表示-破裂（2级）：裂口：破裂处已形成明显间隙，但管道的形状未受影响且破裂无脱落。（局部现场固化法修复）
079,images/079.png,texts/079.txt,Y16-Y18,DN300,ZA,2,3.98,-,疏通处理,rId105,word/media/image91.png,621,,管段编号Y16-Y18管径DN300缺陷名称ZA等级2距离3.98时钟表示-障碍物（2级）：断面损失为5%~15%（疏通处理）
080,images/080.png,texts/080.txt,Y17-Y16,DN200,CJ,2,0,-,疏通处理,rId106,word/media/image92.png,625,,管段编号Y17-Y16管径DN200缺陷名称CJ等级2距离0时钟表示-沉积（2级）：沉积物厚度在管径的5%~20%之间。（疏通处理）
081,images/081.png,texts/081.txt,Y17-Y16,DN200,BX,3,8,-,局部现场固化法修复,rId107,word/media/image93.png,629,,管段编号Y17-Y16管径DN200缺陷名称BX等级3距离8时钟表示-变形（3级）：变形为管道直径的15~25%（局部现场固化法修复）
082,images/082.png,texts/082.txt,Y21-Y22,DN300,SG,2,12.82,-,局部现场固化法修复,rId108,word/media/image94.png,636,,管段编号Y21-Y22管径DN300缺陷名称SG等级2距离12.82时钟表示-树根（2级）：过水断面积损失量在5%~15%之间。（局部现场固化法修复）
083,images/083.png,texts/083.txt,Y21-Y22,DN300,CJ,3,15.6,-,疏通处理,rId109,word/media/image95.png,641,,管段编号Y21-Y22管径DN300缺陷名称CJ等级3距离15.6时钟表示-沉积（3级）：沉积物厚度在管径的20%~40%。（疏通处理）
084,images/084.png,texts/084.txt,Y22-Y202,DN300,BX,4,1.32,-,开挖处理,rId110,word/media/image96.png,645,,管段编号Y22-Y202管径DN300缺陷名称4等级2距离1.32时钟表示-变形（4级）：变形大于管道直径的25％（开挖处理）
085,images/085.png,texts/085.txt,Y23-Y19,DN500,ZA,3,16.46,-,疏通处理,rId111,word/media/image97.png,650,,管段编号Y23-Y19管径DN500缺陷名称ZA等级3距离16.46时钟表示-障碍物（3级）：断面损失为15%~30%（疏通处理）
086,images/086.png,texts/086.txt,Y23-Y19,DN500,SG,4,16.51,-,切割处理,rId112,word/media/image98.png,655,,管段编号Y23-Y19管径DN500缺陷名称SG等级4距离16.51时钟表示-树根（4级）：过水断面积损失量大于30%（切割处理）
087,images/087.png,texts/087.txt,Y23-Y22,DN300,CJ,2,14.66-17.83,-,疏通处理,rId113,word/media/image99.png,660,,管段编号Y23-Y22管径DN300缺陷名称CJ等级2距离14.66-17.83时钟表示-沉积（2级）：沉积物厚度在管径的5%~20%之间。（疏通处理）
088,images/088.png,texts/088.txt,Y23-Y22,DN300,PL,2,18.11,-,局部现场固化法修复,rId114,word/media/image100.png,666,,管段编号Y23-Y22管径DN300缺陷名称PL等级2距离18.11时钟表示-破裂（2级）：裂口：破裂处已形成明显间隙，但管道的形状未受影响且破裂无脱落。（局部现场固化法修复）
089,images/089.png,texts/089.txt,Y25-Y24,DN300,PL,2,1.99,-,疏通处理/CIPP紫外线光固化整体修复,rId115,word/media/image101.png,671,,管段编号Y25-Y24管径DN300缺陷名称PL等级2距离1.99时钟表示-破裂（2级）：裂口：破裂处已形成明显间隙，但管道的形状未受影响且破裂无脱落。（疏通处理/CIPP紫外线光固化整体修复）
090,images/090.png,texts/090.txt,Y25-Y24,DN300,CJ,2,3.68-11.78,-,疏通处理/CIPP紫外线光固化整体修复,rId116,word/media/image102.png,676,,管段编号Y25-Y24管径DN300缺陷名称CJ等级2距离3.68-11.78时钟表示-沉积（2级）：沉积物厚度在管径的5%~20%之间。（疏通处理/CIPP紫外线光固化整体修复）
091,images/091.png,texts/091.txt,Y25-Y24,DN300,PL,2,5.01,-,疏通处理/CIPP紫外线光固化整体修复,rId117,word/media/image103.png,681,,管段编号Y25-Y24管径DN300缺陷名称PL等级2距离5.01时钟表示-破裂（2级）：裂口：破裂处已形成明显间隙，但管道的形状未受影响且破裂无脱落。（疏通处理/CIPP紫外线光固化整体修复）
092,images/092.png,texts/092.txt,Y25-Y24,DN300,PL,2,12.61-13.44,-,疏通处理/CIPP紫外线光固化整体修复,rId118,word/media/image104.png,686,,管段编号Y25-Y24管径DN300缺陷名称PL等级2距离12.61-13.44时钟表示-破裂（2级）：裂口：破裂处已形成明显间隙，但管道的形状未受影响且破裂无脱落。（疏通处理/CIPP紫外线光固化整体修复）
093,images/093.png,texts/093.txt,Y25-Y26,DN300,CJ,2,整段,-,疏通处理,rId119,word/media/image105.png,690,,管段编号Y25-Y26管径DN300缺陷名称CJ等级2距离整段时钟表示-沉积（2级）：沉积物厚度在管径的5%~20%之间。（疏通处理）
094,images/094.png,texts/094.txt,Y25-Y24,DN300,PL,2,13.35,-,疏通处理/CIPP紫外线光固化整体修复,rId120,word/media/image106.png,696,,管段编号Y25-Y24管径DN300缺陷名称PL等级2距离13.35时钟表示-破裂（2级）：裂口：破裂处已形成明显间隙，但管道的形状未受影响且破裂无脱落。（疏通处理/CIPP紫外线光固化整体修复）
095,images/095.png,texts/095.txt,Y27-Y26,DN300,CJ,2,1.19-7.3,-,疏通处理,rId121,word/media/image107.png,700,,管段编号Y27-Y26管径DN300缺陷名称CJ等级2距离1.19-7.3时钟表示-沉积（2级）：沉积物厚度在管径的5%~20%之间。（疏通处理）
096,images/096.png,texts/096.txt,Y27-Y26,DN300,CJ,2,18.26-20,-,疏通处理,rId122,word/media/image108.png,705,,管段编号Y27-Y26管径DN300缺陷名称CJ等级2距离18.26-20时钟表示-沉积（2级）：沉积物厚度在管径的5%~20%之间。（疏通处理）
097,images/097.png,texts/097.txt,Y30-Y29,DN400,PL,2,12.79,-,局部现场固化法修复,rId123,word/media/image109.png,711,,管段编号Y30-Y29管径DN400缺陷名称PL等级2距离12.79时钟表示-破裂（2级）：裂口：破裂处已形成明显间隙，但管道的形状未受影响且破裂无脱落。（局部现场固化法修复）
098,images/098.png,texts/098.txt,Y30-Y31,DN400,AJ,4,4.94,-,业主酌情处理,rId124,word/media/image110.png,716,,管段编号Y30-Y31管径DN400缺陷名称AJ等级4距离4.94时钟表示-支管暗接（4级）：支管未接入到主管。（业主酌情处理）
099,images/099.png,texts/099.txt,Y30-Y31,DN400,AJ,4,7.34,-,业主酌情处理,rId125,word/media/image111.png,721,,管段编号Y30-Y31管径DN400缺陷名称AJ等级4距离7.34时钟表示-支管暗接（4级）：支管未接入到主管。（业主酌情处理）
100,images/100.png,texts/100.txt,Y30-Y31,DN400,AJ,4,8.04,-,业主酌情处理,rId126,word/media/image112.png,726,,管段编号Y30-Y31管径DN400缺陷名称AJ等级4距离8.04时钟表示-支管暗接（4级）：支管未接入到主管。（业主酌情处理）
101,images/101.png,texts/101.txt,Y30-Y31,DN400,ZA,3,8.04-15.69,-,疏通处理,rId127,word/media/image113.png,730,,管段编号Y30-Y31管径DN400缺陷名称ZA等级3距离8.04-15.69时钟表示-障碍物（3级）：断面损失为15%~30%（疏通处理）
102,images/102.png,texts/102.txt,Y30-Y31,DN400,PL,2,13.25,-,局部现场固化法修复,rId128,word/media/image114.png,735,,管段编号Y30-Y31管径DN400缺陷名称PL等级2距离13.25时钟表示-破裂（2级）：裂口：破裂处已形成明显间隙，但管道的形状未受影响且破裂无脱落。（局部现场固化法修复）
103,images/103.png,texts/103.txt,Y30-Y31,DN400,PL,2,17.23,-,局部现场固化法修复,rId129,word/media/image115.png,740,,管段编号Y30-Y31管径DN400缺陷名称PL等级2距离17.23时钟表示-破裂（2级）：裂口：破裂处已形成明显间隙，但管道的形状未受影响且破裂无脱落。（局部现场固化法修复）
104,images/104.png,texts/104.txt,Y30-Y31,DN400,ZA,2,井室,-,井室清理,rId130,word/media/image116.png,744,,管段编号Y30-Y31管径DN400缺陷名称ZA等级2距离井室时钟表示-障碍物（2级）：断面损失为5%~15%（井室清理）
105,images/105.png,texts/105.txt,Y30-Y36A,DN300,CW,2,14.06,-,局部现场固化法修复,rId131,word/media/image117.png,749,,管段编号Y30-Y36A管径DN300缺陷名称CW等级2距离14.06时钟表示-错位（2级）：中度错位：错位距离在管壁厚度1／2及1倍之间。（局部现场固化法修复）
106,images/106.png,texts/106.txt,Y30-Y36A,DN300,PL,2,30.94,-,局部现场固化法修复,rId132,word/media/image118.png,755,,管段编号Y30-Y36A管径DN300缺陷名称PL等级2距离30.94时钟表示-破裂（2级）：裂口：破裂处已形成明显间隙，但管道的形状未受影响且破裂无脱落。（局部现场固化法修复）
107,images/107.png,texts/107.txt,Y32-Y203,DN300,CJ,2,4.82-9.17,-,疏通处理,rId133,word/media/image119.png,759,,管段编号Y32-Y203管径DN300缺陷名称CJ等级2距离4.82-9.17时钟表示-沉积（2级）：沉积物厚度在管径的5%~20%之间。（疏通处理）
108,images/108.png,texts/108.txt,Y32-Y33,DN300,CJ,2,整段,-,疏通处理,rId134,word/media/image120.png,764,,管段编号Y32-Y33管径DN300缺陷名称CJ等级2距离整段时钟表示-沉积（2级）：沉积物厚度在管径的5%~20%之间。（疏通处理）
109,images/109.png,texts/109.txt,Y32-Y33,DN300,BX,2,20.65,-,局部现场固化法修复,rId135,word/media/image121.png,771,,管段编号Y32-Y33管径DN300缺陷名称BX等级2距离20.65时钟表示-变形（2级）变形为管道直径的5%-15%。（局部现场固化法修复）
110,images/110.png,texts/110.txt,Y32-Y203,DN300,ZA,3,整段,-,疏通处理,rId136,word/media/image122.png,775,,管段编号Y32-Y203管径DN300缺陷名称ZA等级3距离整段时钟表示-障碍物（3级）：断面损失为15%~30%（疏通处理）
111,images/111.png,texts/111.txt,Y32-Y203,DN300,CW,3,9.27,-,局部开挖处理,rId137,word/media/image123.png,779,,管段编号Y32-Y203管径DN300缺陷名称CW等级3距离9.27时钟表示-错位（3级）：重度错位：错位距离为管壁厚度1至2倍。（局部开挖处理）
112,images/112.png,texts/112.txt,Y32-Y34,DN300,CJ,2,整段,-,疏通处理,rId138,word/media/image124.png,785,,管段编号Y32-Y34管径DN300缺陷名称CJ等级2距离整段时钟表示-沉积（2级）：沉积物厚度在管径的5%~20%之间。（疏通处理）
113,images/113.png,texts/113.txt,Y32-Y204,DN300,TG,4,0,-,业主酌情处理,rId139,word/media/image125.png,789,,管段编号Y32-Y204管径DN300缺陷名称TG等级4距离0时钟表示-套管（4级）：管道内管径材质不同。（业主酌情处理）
114,images/114.png,texts/114.txt,Y36A-Y36,DN300,ZA,3,17.33,-,疏通处理,rId140,word/media/image126.png,794,,管段编号Y36A-Y36管径DN300缺陷名称ZA等级3距离17.33时钟表示-障碍物（3级）：断面损失为15%~30%（疏通处理）
115,images/115.png,texts/115.txt,Y36A-Y36,DN300,PL,3,18.36,-,局部现场固化法修复,rId141,word/media/image127.png,800,,管段编号Y36A-Y36管径DN300缺陷名称PL等级3距离18.36时钟表示-破裂（3级）：破碎：管壁破裂或脱落处所剩碎片的环向覆盖范围小于弧长60º。（局部现场固化法修复）
116,images/116.png,texts/116.txt,Y36A-Y36,DN300,ZA,2,1,-,疏通处理,rId142,word/media/image128.png,804,,管段编号Y36A-Y36管径DN300缺陷名称ZA等级2距离1时钟表示-障碍物（2级）：断面损失为5%~15%（疏通处理）
117,images/117.png,texts/117.txt,Y37-Y37A,DN500,PL,3,0,-,局部现场固化法修复,rId143,word/media/image129.png,809,,管段编号Y37-Y37A管径DN500缺陷名称PL等级3距离0时钟表示-破裂（3级）：破碎：管壁破裂或脱落处所剩碎片的环向覆盖范围小于弧长60º。（局部现场固化法修复）
118,images/118.png,texts/118.txt,Y37-Y37A,DN500,ZA,2,0.5,-,疏通处理,rId144,word/media/image130.png,815,,管段编号Y37-Y37A管径DN500缺陷名称ZA等级2距离0.5时钟表示-障碍物:（2级）：断面损失为5%~15%（疏通处理）
119,images/119.png,texts/119.txt,Y37-Y37A,DN500,BX,3,9.98,-,局部开挖处理,rId145,word/media/image131.png,819,,管段编号Y37-Y37A管径DN500缺陷名称BX等级3距离9.98时钟表示-变形（3级）：变形为管道直径的15~25%（局部开挖处理）
120,images/120.png,texts/120.txt,Y38-Y37,DN500,PL,3,1-1.75,-,特殊疏通处理/CIPP紫外线光固化整体修复,rId146,word/media/image132.png,823,,管段编号Y38-Y37管径DN500缺陷名称PL等级3距离1-1.75时钟表示-破裂（3级）：破碎：管壁破裂或脱落处所剩碎片的环向覆盖范围小于弧长60º。（特殊疏通处理/CIPP紫外线光固化整体修复）
121,images/121.png,texts/121.txt,Y38-Y37,DN500,PL,2,5.40,-,特殊疏通处理/CIPP紫外线光固化整体修复,rId147,word/media/image133.png,831,,管段编号Y38-Y37管径DN500缺陷名称PL等级2距离5.40时钟表示-破裂（2级）：裂口：破裂处已形成明显间隙，但管道的形状未受影响且破裂无脱落。（特殊疏通处理/CIPP紫外线光固化整体修复）
122,images/122.png,texts/122.txt,Y38-Y37,DN500,TJ,3,9.88,-,特殊疏通处理/CIPP紫外线光固化整体修复,rId148,word/media/image134.png,836,,管段编号Y38-Y37管径DN500缺陷名称TJ等级3距离9.88时钟表示-脱节（3级）：重度脱节：脱节距离处于管壁厚度1~2倍之间。（特殊疏通处理/CIPP紫外线光固化整体修复）
123,images/123.png,texts/123.txt,Y38-Y37,DN500,PL,2,10.54,-,特殊疏通处理/CIPP紫外线光固化整体修复,rId149,word/media/image135.png,840,,管段编号Y38-Y37管径DN500缺陷名称PL等级2距离10.54时钟表示-破裂（2级）：裂口：破裂处已形成明显间隙，但管道的形状未受影响且破裂无脱落。（特殊疏通处理/CIPP紫外线光固化整体修复）
124,images/124.png,texts/124.txt,Y38-Y37,DN500,ZA,3,14.69,-,特殊疏通处理/CIPP紫外线光固化整体修复,rId150,word/media/image136.png,846,,管段编号Y38-Y37管径DN500缺陷名称ZA等级3距离14.69时钟表示-障碍物（3级）：断面损失为15%~30%（特殊疏通处理/CIPP紫外线光固化整体修复）
125,images/125.png,texts/125.txt,Y39-Y38,DN500,CJ,2,0-3.39,-,疏通处理/CIPP紫外线光固化整体修复,rId151,word/media/image137.png,850,,管段编号Y39-Y38管径DN500缺陷名称CJ等级2距离0-3.39时钟表示-沉积（2级）：沉积物厚度在管径的5%~20%之间。（疏通处理/CIPP紫外线光固化整体修复）
126,images/126.png,texts/126.txt,Y39-Y38,DN500,TJ,3,6.48,-,疏通处理/CIPP紫外线光固化整体修复,rId152,word/media/image138.png,855,,管段编号Y39-Y38管径DN500缺陷名称TJ等级3距离6.48时钟表示-脱节（3级）：重度脱节：脱节距离处于管壁厚度1~2倍之间。（疏通处理/CIPP紫外线光固化整体修复）
127,images/127.png,texts/127.txt,Y39-Y38,DN500,PL,2,7.01,-,疏通处理/CIPP紫外线光固化整体修复,rId153,word/media/image139.png,862,,管段编号Y39-Y38管径DN500缺陷名称PL等级2距离7.01时钟表示-破裂（2级）：裂口：破裂处已形成明显间隙，但管道的形状未受影响且破裂无脱落。（疏通处理/CIPP紫外线光固化整体修复）
128,images/128.png,texts/128.txt,Y39-Y38,DN500,BX,2,10.92,-,疏通处理/CIPP紫外线光固化整体修复,rId154,word/media/image140.png,866,,管段编号Y39-Y38管径DN500缺陷名称BX等级2距离10.92时钟表示-变形（2级）：变形为管道直径的5%-15%。（疏通处理/CIPP紫外线光固化整体修复）
129,images/129.png,texts/129.txt,Y39-Y40,DN500,PL,2,15.57,-,局部现场固化法修复,rId155,word/media/image141.png,870,,管段编号Y39-Y40管径DN500缺陷名称PL等级2距离15.57时钟表示-破裂（2级）：裂口：破裂处已形成明显间隙，但管道的形状未受影响且破裂无脱落。（局部现场固化法修复）
130,images/130.png,texts/130.txt,Y40-Y41,DN500,PL,3,5.02,-,局部现场固化法修复,rId156,word/media/image142.png,877,,管段编号Y40-Y41管径DN500缺陷名称PL等级3距离5.02时钟表示-破裂（3级）：破碎：管壁破裂或脱落处所剩碎片的环向覆盖范围小于弧长60º。（局部现场固化法修复）
131,images/131.png,texts/131.txt,Y40-Y41,DN500,ZA,3,井室,-,井室清理,rId157,word/media/image143.png,880,,管段编号Y40-Y41管径DN500缺陷名称ZA等级3距离井室时钟表示-障碍物（3级）：断面损失为15%~30%（井室清理）
132,images/132.png,texts/132.txt,Y42-Y41,DN500,CJ,2,2.08-5.42,-,疏通处理,rId158,word/media/image144.png,885,,管段编号Y42-Y41管径DN500缺陷名称CJ等级2距离2.08-5.42时钟表示-沉积（2级）：沉积物厚度在管径的5%~20%之间。（疏通处理）
133,images/133.png,texts/133.txt,Y44-Y43,DN500,ZA,2,0-4.47,-,特殊疏通处理,rId159,word/media/image145.png,889,,管段编号Y44-Y43管径DN500缺陷名称ZA等级2距离0-4.47时钟表示-障碍物:（2级）：断面损失为5%~15%（特殊疏通处理）
134,images/134.png,texts/134.txt,Y44-Y227,DN200,PL,4,5.6,-,局部开挖处理,rId160,word/media/image146.png,894,,管段编号Y44-Y227管径DN200缺陷名称PL等级4距离5.6时钟表示-破裂（4级）：坍塌：管道材料裂痕、裂口或破碎处边缘环向覆盖范围大于弧长60º。（局部开挖处理）
135,images/135.png,texts/135.txt,Y46-Y45,DN300,ZA,3,12.8-19.91,-,特殊疏通处理,rId161,word/media/image147.png,899,,管段编号Y46-Y45管径DN300缺陷名称ZA等级3距离12.8-19.91时钟表示-障碍物:（2级）：断面损失为5%~15%（特殊疏通处理）
136,images/136.png,texts/136.txt,Y46-Y45,DN300,ZA,3,27.66,-,特殊疏通处理,rId162,word/media/image148.png,906,,管段编号Y46-Y45管径DN300缺陷名称ZA等级3距离27.66时钟表示-障碍物（3级）：断面损失为15%~30%（特殊疏通处理）
137,images/137.png,texts/137.txt,Y46-Y46A,DN200,BX,4,1.3,-,开挖处理,rId163,word/media/image149.png,911,,管段编号Y46-Y46A管径DN200缺陷名称BX等级4距离1.3时钟表示-变形（4级）：变形大于管道直径的25％（开挖处理）
138,images/138.png,texts/138.txt,Y48A-Y48,DN300,BX,3,7.86,-,特殊疏通处理/CIPP紫外线光固化整体修复,rId164,word/media/image150.png,916,,管段编号Y48A-Y48管径DN300缺陷名称BX等级3距离7.86时钟表示-变形（3级）：变形为管道直径的15~25%（特殊疏通处理/CIPP紫外线光固化整体修复）
139,images/139.png,texts/139.txt,Y48A-Y48,DN300,PL,2,8.36,-,特殊疏通处理/CIPP紫外线光固化整体修复,rId165,word/media/image151.png,921,,管段编号Y48A-Y48管径DN300缺陷名称PL等级2距离8.36时钟表示-破裂（2级）：裂口：破裂处已形成明显间隙，但管道的形状未受影响且破裂无脱落。（特殊疏通处理/CIPP紫外线光固化整体修复）
140,images/140.png,texts/140.txt,Y48A-Y48,DN300,BX,2,14.86,-,特殊疏通处理/CIPP紫外线光固化整体修复,rId166,word/media/image152.png,925,,管段编号Y48A-Y48管径DN300缺陷名称BX等级2距离14.86时钟表示-变形（2级）：变形为管道直径的5%-15%。（特殊疏通处理/CIPP紫外线光固化整体修复）
141,images/141.png,texts/141.txt,Y48A-Y48,DN300,ZA,3,10.08-16,-,特殊疏通处理/CIPP紫外线光固化整体修复,rId167,word/media/image153.png,930,,管段编号Y48A-Y48管径DN300缺陷名称ZA等级3距离10.08-16时钟表示-障碍物（3级）：断面损失为15%~30%（特殊疏通处理/CIPP紫外线光固化整体修复）
142,images/142.png,texts/142.txt,Y48A-Y48,DN300,BX,3,16.28,-,特殊疏通处理/CIPP紫外线光固化整体修复,rId168,word/media/image154.png,936,,管段编号Y48A-Y48管径DN300缺陷名称BX等级3距离16.28时钟表示-变形（3级）：变形为管道直径的15~25%（特殊疏通处理/CIPP紫外线光固化整体修复）
143,images/143.png,texts/143.txt,Y208-Y207,DN300,BX,2,4.27,-,疏通处理/CIPP紫外线光固化整体修复,rId169,word/media/image155.png,940,,管段编号Y208-Y207管径DN300缺陷名称BX等级2距离4.27时钟表示-变形（2级）：变形为管道直径的5%-15%。（疏通处理/CIPP紫外线光固化整体修复）
144,images/144.png,texts/144.txt,Y208-Y207,DN300,PL,2,6.05,-,疏通处理/CIPP紫外线光固化整体修复,rId170,word/media/image156.png,945,,管段编号Y208-Y207管径DN300缺陷名称PL等级2距离6.05时钟表示-破裂（2级）：裂口：破裂处已形成明显间隙，但管道的形状未受影响且破裂无脱落。（疏通处理/CIPP紫外线光固化整体修复）
145,images/145.png,texts/145.txt,Y208-Y207,DN300,CJ,2,7.38-9.79,-,疏通处理/CIPP紫外线光固化整体修复,rId171,word/media/image157.png,949,,管段编号Y208-Y207管径DN300缺陷名称CJ等级2距离7.38-9.79时钟表示-沉积（2级）：沉积物厚度在管径的5%~20%之间。（疏通处理/CIPP紫外线光固化整体修复）
146,images/146.png,texts/146.txt,Y208-Y207,DN300,BX,2,8.52,-,疏通处理/CIPP紫外线光固化整体修复,rId172,word/media/image158.png,952,,管段编号Y208-Y207管径DN300缺陷名称BX等级2距离8.52时钟表示-变形（2级）：变形为管道直径的5%-15%。（疏通处理/CIPP紫外线光固化整体修复）
147,images/147.png,texts/147.txt,Y208-Y209,DN300,BX,3,13.75,-,局部现场固化法修复,rId173,word/media/image159.png,957,,管段编号Y208-Y209管径DN300缺陷名称BX等级3距离13.75时钟表示-变形（3级）：变形为管道直径的15~25%（局部现场固化法修复）
148,images/148.png,texts/148.txt,Y208-Y209,DN300,ZA,2,井室,-,井室清理,rId174,word/media/image160.png,962,,管段编号Y208-Y209管径DN300缺陷名称ZA等级2距离井室时钟表示-障碍物:（2级）：断面损失为5%~15%（井室清理）
149,images/149.png,texts/149.txt,Y209-Y210,DN300,BX,2,1.94,-,CIPP紫外线光固化整体修复,rId175,word/media/image161.png,965,,管段编号Y209-Y210管径DN300缺陷名称BX等级2距离1.94时钟表示-变形（2级）：变形为管道直径的5%-15%。（CIPP紫外线光固化整体修复）
150,images/150.png,texts/150.txt,Y209-Y210,DN300,PL,3,4.89,-,CIPP紫外线光固化整体修复,rId176,word/media/image162.png,968,,管段编号Y209-Y210管径DN300缺陷名称PL等级3距离4.89时钟表示-破裂（3级）：破碎：管壁破裂或脱落处所剩碎片的环向覆盖范围小于弧长60º。（CIPP紫外线光固化整体修复）
151,images/151.png,texts/151.txt,Y209-Y210,DN300,BX,2,5.13,-,CIPP紫外线光固化整体修复,rId177,word/media/image163.png,974,,管段编号Y209-Y210管径DN300缺陷名称BX等级2距离5.13时钟表示-变形（2级）：变形为管道直径的5%-15%。（CIPP紫外线光固化整体修复）
152,images/152.png,texts/152.txt,Y209-Y210,DN300,BX,3,9.08,-,CIPP紫外线光固化整体修复,rId178,word/media/image164.png,978,,管段编号Y209-Y210管径DN300缺陷名称BX等级3距离9.08时钟表示-变形（3级）：变形为管道直径的15~25%（CIPP紫外线光固化整体修复）
153,images/153.png,texts/153.txt,Y209-Y210,DN300,BX,2,9.75,-,CIPP紫外线光固化整体修复,rId179,word/media/image165.png,981,,管段编号Y209-Y210管径DN300缺陷名称BX等级2距离9.75时钟表示-变形（2级）：变形为管道直径的5%-15%。（CIPP紫外线光固化整体修复）
154,images/154.png,texts/154.txt,Y211-Y210,DN300,BX,2,3.88,-,CIPP紫外线光固化整体修复,rId180,word/media/image166.png,987,,管段编号Y211-Y210管径DN300缺陷名称BX等级2距离3.88时钟表示-变形（2级）：变形为管道直径的5%-15%。（CIPP紫外线光固化整体修复）
155,images/155.png,texts/155.txt,Y211-Y210,DN300,BX,2,10.37,-,CIPP紫外线光固化整体修复,rId181,word/media/image167.png,991,,管段编号Y211-Y210管径DN300缺陷名称BX等级2距离10.37时钟表示-变形（2级）：变形为管道直径的5%-15%。（CIPP紫外线光固化整体修复）
156,images/156.png,texts/156.txt,Y211-Y210,DN300,BX,2,11.3,-,CIPP紫外线光固化整体修复,rId182,word/media/image168.png,998,,管段编号Y211-Y210管径DN300缺陷名称BX等级2距离11.3时钟表示-变形（3级）：变形为管道直径的15~25%（CIPP紫外线光固化整体修复）
157,images/157.png,texts/157.txt,Y211-Y210,DN300,BX,2,13.04,-,CIPP紫外线光固化整体修复,rId183,word/media/image169.png,1001,,管段编号Y211-Y210管径DN300缺陷名称BX等级2距离13.04时钟表示-变形（2级）：变形为管道直径的5%-15%。（CIPP紫外线光固化整体修复）
158,images/158.png,texts/158.txt,Y211-Y212,DN300,CJ,2,1.01-4.73,-,疏通处理/CIPP紫外线光固化整体修复,rId184,word/media/image170.png,1006,,管段编号Y211-Y212管径DN300缺陷名称CJ等级2距离1.01-4.73时钟表示-沉积（2级）：沉积物厚度在管径的5%~20%之间。（疏通处理/CIPP紫外线光固化整体修复）
159,images/159.png,texts/159.txt,Y211-Y212,DN300,PL,2,1.21,-,疏通处理/CIPP紫外线光固化整体修复,rId185,word/media/image171.png,1011,,管段编号Y211-Y212管径DN300缺陷名称PL等级2距离1.21时钟表示-破裂（2级）：裂口：破裂处已形成明显间隙，但管道的形状未受影响且破裂无脱落。（疏通处理/CIPP紫外线光固化整体修复）
160,images/160.png,texts/160.txt,Y211-Y212,DN300,PL,2,3.2,-,疏通处理/CIPP紫外线光固化整体修复,rId186,word/media/image172.png,1018,,管段编号Y211-Y212管径DN300缺陷名称PL等级2距离3.2时钟表示-破裂（2级）：裂口：破裂处已形成明显间隙，但管道的形状未受影响且破裂无脱落。（疏通处理/CIPP紫外线光固化整体修复）
161,images/161.png,texts/161.txt,Y211-Y212,DN300,BX,2,3.89-4.4,-,疏通处理/CIPP紫外线光固化整体修复,rId187,word/media/image173.png,1022,,管段编号Y211-Y212管径DN300缺陷名称BX等级2距离3.89-4.4时钟表示-变形（2级）：变形为管道直径的5%-15%。（疏通处理/CIPP紫外线光固化整体修复）
162,images/162.png,texts/162.txt,Y211-Y212,DN300,BX,2,6.43,-,疏通处理/CIPP紫外线光固化整体修复,rId188,word/media/image174.png,1027,,管段编号Y211-Y212管径DN300缺陷名称BX等级2距离6.43时钟表示-变形（2级）：变形为管道直径的5%-15%。（疏通处理/CIPP紫外线光固化整体修复）
163,images/163.png,texts/163.txt,Y214-Y213,DN200,CJ,2,整段,-,疏通处理,rId189,word/media/image175.png,1032,,管段编号Y214-Y213管径DN200缺陷名称CJ等级2距离整段时钟表示-沉积（2级）：沉积物厚度在管径的5%~20%之间。（疏通处理）
164,images/164.png,texts/164.txt,Y216-Y217,DN200,PL,2,0.1,-,局部现场固化法修复,rId190,word/media/image176.png,1036,,管段编号Y216-Y217管径DN200缺陷名称PL等级2距离0.1时钟表示-破裂（2级）：裂口：破裂处已形成明显间隙，但管道的形状未受影响且破裂无脱落。（局部现场固化法修复）
165,images/165.png,texts/165.txt,Y220-Y221,DN500,ZA,4,井室,-,开挖处理,rId191,word/media/image177.png,1040,,管段编号Y220-Y221管径DN500缺陷名称ZA等级4距离井室时钟表示-障碍物形（4级）：断面损失大于30%（开挖处理）
166,images/166.png,texts/166.txt,Y220-Y222,DN200,SG,2,2,-,切割处理/局部现场固化法修复,rId192,word/media/image178.png,1047,,管段编号Y220-Y222管径DN200缺陷名称SG等级2距离2时钟表示-树根（2级）：过水断面积损失量在5%~15%之间。(切割处理/局部现场固化法修复)
167,images/167.png,texts/167.txt,Y223-Y220,DN300,SG,2,6.27,-,切割处理/CIPP紫外线光固化整体修复,rId193,word/media/image179.png,1052,,管段编号Y223-Y220管径DN300缺陷名称SG等级2距离6.27时钟表示-树根（2级）：过水断面积损失量在5%~15%之间。(切割处理/CIPP紫外线光固化整体修复)
168,images/168.png,texts/168.txt,Y223-Y220,DN300,SG,2,9.68,-,切割处理/CIPP紫外线光固化整体修复,rId194,word/media/image180.png,1057,,管段编号Y223-Y220管径DN300缺陷名称SG等级2距离9.68时钟表示-树根（2级）：过水断面积损失量在5%~15%之间。(切割处理/CIPP紫外线光固化整体修复)
169,images/169.png,texts/169.txt,Y223-Y220,DN300,BX,2,10.16,-,切割处理/CIPP紫外线光固化整体修复,rId195,word/media/image181.png,1062,,管段编号Y223-Y220管径DN300缺陷名称BX等级2距离10.16时钟表示-变形（2级）：变形为管道直径的5%-15%。(切割处理/CIPP紫外线光固化整体修复)
170,images/170.png,texts/170.txt,Y223-Y220,DN300,SG,2,10.61,-,切割处理/CIPP紫外线光固化整体修复,rId196,word/media/image182.png,1067,,管段编号Y223-Y220管径DN300缺陷名称SG等级2距离10.61时钟表示-树根（2级）：过水断面积损失量在5%~15%之间。(切割处理/CIPP紫外线光固化整体修复)
171,images/171.png,texts/171.txt,Y223-Y224,DN300,TJ,2,6.66,-,局部开挖处理/CIPP紫外线光固化整体修复,rId197,word/media/image183.png,1071,,管段编号Y223-Y224管径DN300缺陷名称TJ等级2距离6.66时钟表示-脱节（2级）：中度脱节：脱节距离为管壁厚度1/2~1倍（局部开挖处理/CIPP紫外线光固化整体修复）
172,images/172.png,texts/172.txt,Y223-Y224,DN300,BX,4,7.95,-,局部开挖处理/CIPP紫外线光固化整体修复,rId198,word/media/image184.png,1077,,管段编号Y223-Y224管径DN300缺陷名称BX等级4距离7.95时钟表示-变形（4级）：变形大于管道直径的25％（局部开挖处理/CIPP紫外线光固化整体修复）
173,images/173.png,texts/173.txt,Y224-Y223,DN300,BX,2,1.69,-,局部开挖处理/CIPP紫外线光固化整体修复,rId199,word/media/image185.png,1081,,管段编号Y224-Y223管径DN300缺陷名称BX等级2距离1.69时钟表示-变形（2级）：变形为管道直径的5%-15%。（局部开挖处理/CIPP紫外线光固化整体修复）
174,images/174.png,texts/174.txt,Y224-Y223,DN300,BX,2,2.21,-,局部开挖处理/CIPP紫外线光固化整体修复,rId200,word/media/image186.png,1086,,管段编号Y224-Y223管径DN300缺陷名称BX等级2距离2.21时钟表示-变形（2级）：变形为管道直径的5%-15%。（局部开挖处理/CIPP紫外线光固化整体修复）
175,images/175.png,texts/175.txt,Y224-Y223,DN300,BX,2,2.97,-,局部开挖处理/CIPP紫外线光固化整体修复,rId201,word/media/image187.png,1091,,管段编号Y224-Y223管径DN300缺陷名称BX等级2距离2.97时钟表示-变形（2级）：变形为管道直径的5%-15%。（局部开挖处理/CIPP紫外线光固化整体修复）
176,images/176.png,texts/176.txt,Y224-Y223,DN300,SG,2,5.13,-,局部开挖处理/CIPP紫外线光固化整体修复,rId202,word/media/image188.png,1095,,管段编号Y224-Y223管径DN300缺陷名称SG等级2距离5.13时钟表示-树根（2级）：过水断面积损失量在5%~15%之间。（局部开挖处理/CIPP紫外线光固化整体修复）
177,images/177.png,texts/177.txt,Y224-Y223,DN300,BX,3,8.03,-,局部开挖处理/CIPP紫外线光固化整体修复,rId203,word/media/image189.png,1099,,管段编号Y224-Y223管径DN300缺陷名称BX等级3距离8.03时钟表示-变形（3级）：变形为管道直径的15~25%（局部开挖处理/CIPP紫外线光固化整体修复）
179,images/179.png,texts/179.txt,Y224-Y225,DN300,PL,2,1.0,-,CIPP紫外线光固化整体修复,rId205,word/media/image191.png,1112,,管段编号Y224-Y225管径DN300缺陷名称PL等级2距离1.0时钟表示-破裂（2级）：裂口：破裂处已形成明显间隙，但管道的形状未受影响且破裂无脱落。（CIPP紫外线光固化整体修复）
180,images/180.png,texts/180.txt,Y224-Y225,DN300,PL,2,7.65,-,CIPP紫外线光固化整体修复,rId206,word/media/image192.png,1117,,管段编号Y224-Y225管径DN300缺陷名称PL等级2距离7.65时钟表示-破裂（2级）：裂口：破裂处已形成明显间隙，但管道的形状未受影响且破裂无脱落。（CIPP紫外线光固化整体修复）
181,images/181.png,texts/181.txt,Y224-Y225,DN300,PL,2,8.11,-,CIPP紫外线光固化整体修复,rId207,word/media/image193.png,1121,,管段编号Y224-Y225管径DN300缺陷名称PL等级2距离8.11时钟表示-破裂（2级）：裂口：破裂处已形成明显间隙，但管道的形状未受影响且破裂无脱落。（CIPP紫外线光固化整体修复）
182,images/182.png,texts/182.txt,Y224-Y225,DN300,PL,2,8.11,-,CIPP紫外线光固化整体修复,rId208,word/media/image194.png,1125,,管段编号Y224-Y225管径DN300缺陷名称PL等级2距离8.11时钟表示-破裂（2级）：裂口：破裂处已形成明显间隙，但管道的形状未受影响且破裂无脱落。（CIPP紫外线光固化整体修复）
183,images/183.png,texts/183.txt,Y225-Y226,DN300,PL,4,0.04,-,开挖处理,rId209,word/media/image195.png,1131,,管段编号Y225-Y226管径DN300缺陷名称PL等级4距离0.04时钟表示-破裂（4级）：坍塌：管道材料裂痕、裂口或破碎处边缘环向覆盖范围大于弧长60º。（开挖处理）
184,images/184.png,texts/184.txt,Y226-Y225,DN300,BX,4,0.57,-,开挖处理,rId210,word/media/image196.png,1136,,管段编号Y226-Y225管径DN300缺陷名称BX等级4距离0.57时钟表示-变形（4级）：变形大于管道直径的25％（开挖处理）
185,images/185.png,texts/185.txt,Y227-Y228,DN300,BX,2,4.74,-,局部现场固化法修复,rId211,word/media/image197.png,1140,,管段编号Y227-Y228管径DN300缺陷名称BX等级2距离4.74时钟表示-变形（2级）：变形为管道直径的5%-15%。(局部现场固化法修复)
186,images/186.png,texts/186.txt,Y229-Y228,DN300,CJ,2,1.31-7.71,-,疏通处理,rId212,word/media/image198.png,1145,,管段编号Y229-Y228管径DN300缺陷名称CJ等级2距离1.31-7.71时钟表示-沉积（2级）：沉积物厚度在管径的5%~20%之间。（疏通处理）
187,images/187.png,texts/187.txt,Y229-Y228,DN300,BX,2,4.73,-,局部现场固化法修复,rId213,word/media/image199.png,1151,,管段编号Y229-Y228管径DN300缺陷名称BX等级2距离4.73时钟表示-变形（2级）：变形为管道直径的5%-15%。(局部现场固化法修复)
188,images/188.png,texts/188.txt,Y229-Y228,DN300,BX,2,5.44,-,局部现场固化法修复,rId214,word/media/image200.png,1156,,管段编号Y229-Y228管径DN300缺陷名称BX等级2距离5.44时钟表示-变形（2级）：变形为管道直径的5%-15%。(局部现场固化法修复)
189,images/189.png,texts/189.txt,Y229-Y230,DN300,BX,2,5.44,-,局部现场固化法修复,rId215,word/media/image201.png,1161,,管段编号Y229-Y230管径DN300缺陷名称BX等级2距离5.44时钟表示-变形（2级）：变形为管道直径的5%-15%。(局部现场固化法修复)
190,images/190.png,texts/190.txt,Y229-Y230,DN300,PL,4,7.81,-,局部开挖处理,rId216,word/media/image202.png,1167,,管段编号Y229-Y230管径DN300缺陷名称PL等级4距离7.81时钟表示-破裂（4级）：坍塌：管道材料裂痕、裂口或破碎处边缘环向覆盖范围大于弧长60º。（局部开挖处理）
191,images/191.png,texts/191.txt,Y229-Y230,DN300,BX,4,8.53,-,局部开挖处理,rId217,word/media/image203.png,1171,,管段编号Y229-Y230管径DN300缺陷名称BX等级4距离8.53时钟表示-变形（4级）：变形大于管道直径的25％（局部开挖处理）
192,images/192.png,texts/192.txt,Y230-Y229,DN300,BX,4,3,-,局部开挖处理,rId218,word/media/image204.png,1176,,管段编号Y230-Y229管径DN300缺陷名称BX等级4距离3时钟表示-变形（4级）：变形大于管道直径的25％（局部开挖处理）
193,images/193.png,texts/193.txt,Y230-Y231,DN300,CJ,2,0,-,疏通处理,rId219,word/media/image205.png,1181,,管段编号Y230-Y231管径DN300缺陷名称CJ等级2距离0时钟表示-沉积（2级）：沉积物厚度在管径的5%~20%之间。（疏通处理）
194,images/194.png,texts/194.txt,Y230-Y231,DN300,PL,4,1.5,-,开挖处理,rId220,word/media/image206.png,1186,,管段编号Y230-Y231管径DN300缺陷名称PL等级4距离1.5时钟表示-变形（4级）：变形大于管道直径的25％（开挖处理）
195,images/195.png,texts/195.txt,Y232-Y231,DN300,PL,4,3.63,-,开挖处理,rId221,word/media/image207.png,1191,,管段编号Y232-Y231管径DN300缺陷名称PL等级4距离3.63时钟表示-破裂（4级）：坍塌：管道材料裂痕、裂口或破碎处边缘环向覆盖范围大于弧长60º。（开挖处理）
196,images/196.png,texts/196.txt,Y232-Y233,DN300,ZA,3,5.31,-,局部开挖处理/CIPP紫外线光固化整体修复,rId222,word/media/image208.png,1197,,管段编号Y232-Y233管径DN300缺陷名称ZA等级3距离5.31时钟表示-障碍物（3级）：断面损失为15%~30%（局部开挖处理/CIPP紫外线光固化整体修复）
197,images/197.png,texts/197.txt,Y232-Y233,DN300,PL,2,5.31,-,局部开挖处理/CIPP紫外线光固化整体修复,rId223,word/media/image209.png,1201,,管段编号Y232-Y233管径DN300缺陷名称PL等级2距离5.31时钟表示-破裂（2级）：裂口：破裂处已形成明显间隙，但管道的形状未受影响且破裂无脱落。（局部开挖处理/CIPP紫外线光固化整体修复）
198,images/198.png,texts/198.txt,Y232-Y233,DN300,BX,4,6.63,-,局部开挖处理/CIPP紫外线光固化整体修复,rId224,word/media/image210.png,1206,,管段编号Y232-Y233管径DN300缺陷名称BX等级4距离6.63时钟表示-变形（4级）：变形大于管道直径的25％（局部开挖处理/CIPP紫外线光固化整体修复）
199,images/199.png,texts/199.txt,Y233-Y232,DN300,BX,2,2.07,-,局部开挖处理/CIPP紫外线光固化整体修复,rId225,word/media/image211.png,1210,,管段编号Y233-Y232管径DN300缺陷名称BX等级2距离2.07时钟表示-变形（2级）：变形为管道直径的15~25%（局部开挖处理/CIPP紫外线光固化整体修复）
200,images/200.png,texts/200.txt,Y233-Y232,DN300,BX,2,2.8,-,局部开挖处理/CIPP紫外线光固化整体修复,rId226,word/media/image212.png,1215,,管段编号Y233-Y232管径DN300缺陷名称BX等级2距离2.8时钟表示-变形（2级）：变形为管道直径的15~25%（局部开挖处理/CIPP紫外线光固化整体修复）
201,images/201.png,texts/201.txt,Y234-Y203,DN300,BX,2,3.68,-,局部现场固化法修复,rId227,word/media/image213.png,1220,,管段编号Y234-Y203管径DN300缺陷名称BX等级2距离3.68时钟表示-变形（2级）：变形为管道直径的15~25%（局部现场固化法修复）
203,images/203.png,texts/203.txt,video-d04000c24a06,,,,,,,,,,视频帧提取,
204,images/204.png,texts/204.txt,video-d04000c24a06,,,,,,,,,,视频帧提取,
205,images/205.png,texts/205.txt,video-d04000c24a06,,,,,,,,,,视频帧提取,
206,images/206.png,texts/206.txt,video-d04000c24a06,,,,,,,,,,视频帧提取,
207,images/207.png,texts/207.txt,video-d04000c24a06,,,,,,,,,,视频帧提取,
208,images/208.png,texts/208.txt,video-d04000c24a06,,,,,,,,,,视频帧提取,
209,images/209.png,texts/209.txt,video-d04000c24a06,,,,,,,,,,视频帧提取,
210,images/210.png,texts/210.txt,video-d04000c24a06,,,,,,,,,,视频帧提取,
211,images/211.png,texts/211.txt,video-d04000c24a06,,,,,,,,,,视频帧提取,
212,images/212.png,texts/212.txt,video-d04000c24a06,,,,,,,,,,视频帧提取,
